keyword,status,json_file,json_file_enriched,html_file,business_type
Biro jasa perizinan,prompt 3,Biro_jasa_perizinan.json,Biro_jasa_perizinan_meta.json,,
Biro jasa perizinan Surabaya,prompt 3,Biro_jasa_perizinan_Surabaya.json,Biro_jasa_perizinan_Surabaya_meta.json,,
Harga jasa pendirian PT,active,,,,
Harga paket pendirian usaha,prompt 3,Harga_paket_pendirian_usaha.json,Harga_paket_pendirian_usaha_meta.json,,
Jasa akta notaris Sidoarjo,prompt 3,Jasa_akta_notaris_Sidoarjo.json,Jasa_akta_notaris_Sidoarjo_meta.json,,
Jasa izin edar BPOM,prompt 3,Jasa_izin_edar_BPOM.json,Jasa_izin_edar_BPOM_meta.json,,
Jasa izin lingkungan UKL-UPL,prompt 3,Jasa_izin_lingkungan_UKL_UPL.json,Jasa_izin_lingkungan_UKL_UPL_meta.json,,
Jasa legalitas perusahaan Jawa Timur,prompt 3,Jasa_legalitas_perusahaan_Jawa_Timur.json,Jasa_legalitas_perusahaan_Jawa_Timur_meta.json,,
Jasa OSS RBA,prompt 3,Jasa_OSS_RBA.json,Jasa_OSS_RBA_meta.json,,
Jasa pembuatan CV perusahaan,active,,,,
Jasa pembuatan izin usaha,prompt 3,Jasa_pembuatan_izin_usaha.json,Jasa_pembuatan_izin_usaha_meta.json,,
Jasa pembuatan PT,active,,,,
Jasa pembuatan PT di Sidoarjo,prompt 3,Jasa_pembuatan_PT_di_Sidoarjo.json,Jasa_pembuatan_PT_di_Sidoarjo_meta.json,,
Jasa pendaftaran merek,prompt 3,Jasa_pendaftaran_merek.json,Jasa_pendaftaran_merek_meta.json,,
Jasa pendaftaran merek dagang,prompt 3,Jasa_pendaftaran_merek_dagang.json,Jasa_pendaftaran_merek_dagang_meta.json,,
Jasa pendirian PT Perorangan,active,,,,
Jasa pendirian yayasan,prompt 3,Jasa_pendirian_yayasan.json,Jasa_pendirian_yayasan_meta.json,,
Jasa pengukuhan PKP,active_meta,Jasa_pengukuhan_PKP.json,,,
Jasa pengurusan IMB,active,,,,
Jasa pengurusan legalitas perusahaan,active,,,,
Jasa pengurusan NIB,active,,,,
Jasa pengurusan NIB perseorangan,active,,,,
Jasa pengurusan NPWP perusahaan,active,,,,
Jasa pengurusan PBG,active,,,,
Jasa pengurusan SLF (Sertifikat Laik Fungsi),active,,,,
Jasa penutupan perusahaan (PT/CV),active,,,,
Jasa perizinan Sidoarjo,active,,,,
Jasa perubahan data perusahaan,active,,,,
Jasa sertifikasi halal,active,,,,
Jasa Tanda Daftar Usaha Pariwisata (TDUP),active,,,,
Jasa virtual office Sidoarjo,active,,,,
Konsultan HAKI,active,,,,
Konsultan perizinan usaha,active,,,,
Pengurusan izin usaha Gresik,active,,,,
Syarat mendirikan PT,active,,,,
Syarat pembuatan CV perusahaan,active,,,,
