{
  "timestamp": "2025-07-30T23:53:57.558Z",
  "totalPages": 2,
  "issues": [
    {
      "type": "business",
      "severity": "medium",
      "message": "Missing business phone number",
      "page": "https://www.kotacom.id/jasa-pembuatan-website-tangerang-meta-with-images"
    },
    {
      "type": "business",
      "severity": "medium",
      "message": "Missing business address",
      "page": "https://www.kotacom.id/jasa-pembuatan-website-tangerang-meta-with-images"
    }
  ],
  "summary": {
    "critical": 0,
    "warnings": 2,
    "info": 0
  },
  "recommendations": [
    {
      "priority": "medium",
      "action": "Address warning issues within 1 week",
      "issues": 2,
      "impact": "Medium impact on user experience"
    },
    {
      "priority": "ongoing",
      "action": "Implement automated SEO monitoring",
      "impact": "Prevent future issues"
    }
  ]
}