{
  "gemini": [
    {
      "key": "AIzaSyBIgdiJ2f1yr-ZW5PH2EGfVIkvlJtU9cDA",
      "name": "Primary Gemini Key",
      "daily_limit": 1500
    },
    {
      "key": "AIzaSyATRMl1nUXVaBGz70wJ2EeEWEhIo5Yt3RQ",
      "name": "Secondary Gemini Key",
      "daily_limit": 1500
    },
    {
      "key": "AIzaSyBIgdiJ2f1yr-ZW5PH2EGfVIkvlJtU9cDA",
      "name": "Tertiary Gemini Key",
      "daily_limit": 1500
    },
    {
      "key": "AIzaSyC47BR_ghZFEh9a5VrLGk8vLcGCAzP46kA",
      "name": "Test Gemini Key",
      "daily_limit": 1500
    }
  ],
  "openai": [
    {
      "key": "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",
      "name": "Primary OpenAI Key",
      "daily_limit": 500
    },
    {
      "key": "your_openai_key_2_here",
      "name": "Secondary OpenAI Key",
      "daily_limit": 500
    }
  ],
  "anthropic": [
    {
      "key": "your_anthropic_key_1_here",
      "name": "Primary Anthropic Key",
      "daily_limit": 500
    },
    {
      "key": "your_anthropic_key_2_here",
      "name": "Secondary Anthropic Key",
      "daily_limit": 500
    }
  ],
  "unsplash": [
    {
      "key": "aOxJT_bhyihkvZtBT51LYuXzMClWwr_Y31CctJO8HVk",
      "name": "Primary Unsplash Key",
      "daily_limit": 5000
    },
    {
      "key": "your_working_unsplash_key_here",
      "name": "Working Unsplash Key",
      "daily_limit": 5000
    }
  ],
  "cohere": [
    {
      "key": "your_cohere_key_here",
      "name": "Primary Cohere Key",
      "daily_limit": 1000
    }
  ],
  "perplexity": [
    {
      "key": "your_perplexity_key_here",
      "name": "Primary Perplexity Key",
      "daily_limit": 1000
    }
  ],
  "together": [
    {
      "key": "your_together_key_here",
      "name": "Primary Together Key",
      "daily_limit": 1000
    }
  ],
  "blackbox": [
    {
      "key": "sk-nClMZuTk20pkrTE8VSECAA",
      "name": "Primary Blackbox Key",
      "daily_limit": 1000
    }
  ],
  "pollinations": [
    {
      "key": "BypwF-oOtrCwaHNc",
      "name": "Primary Pollinations Key",
      "daily_limit": 1000
    }
  ],
  "huggingface": [
    {
      "key": "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",
      "name": "Primary Hugging Face Key",
      "daily_limit": 1000
    }
  ]
}